"Date","Price","Open","High","Low","Vol.","Change %"
"30-06-2025","17,797.80","17,719.05","17,814.30","17,703.65","","0.88%"
"27-06-2025","17,642.30","17,579.35","17,662.65","17,543.95","","0.81%"
"26-06-2025","17,500.50","17,526.50","17,546.65","17,393.25","","0.26%"
"25-06-2025","17,455.60","17,272.35","17,464.70","17,261.75","","1.60%"
"24-06-2025","17,180.30","17,216.15","17,253.75","17,129.80","","0.78%"
"23-06-2025","17,048.00","16,799.10","17,058.65","16,796.90","","0.77%"
"20-06-2025","16,916.95","16,809.80","16,962.35","16,733.65","","0.62%"
"19-06-2025","16,813.05","17,144.60","17,209.25","16,772.95","","-1.93%"
"18-06-2025","17,143.60","17,169.80","17,274.90","17,044.35","","-0.20%"
"17-06-2025","17,177.30","17,328.35","17,371.10","17,150.25","","-0.69%"
"16-06-2025","17,296.30","17,218.35","17,319.55","16,931.30","","0.50%"
"13-06-2025","17,210.40","16,926.20","17,256.45","16,915.40","","-0.38%"
"12-06-2025","17,276.90","17,557.10","17,606.00","17,237.95","","-1.44%"
"11-06-2025","17,528.95","17,595.15","17,632.05","17,399.60","","-0.09%"
"10-06-2025","17,544.30","17,596.75","17,606.30","17,503.75","","0.17%"
"09-06-2025","17,515.15","17,396.75","17,531.05","17,364.80","","1.33%"
"06-06-2025","17,285.75","17,235.10","17,306.25","17,167.65","","0.65%"
"05-06-2025","17,173.45","17,123.60","17,219.50","17,122.85","","0.66%"
"04-06-2025","17,060.80","17,020.10","17,079.05","16,900.90","","0.53%"
"03-06-2025","16,971.25","17,015.35","17,063.45","16,939.90","","0.10%"
"02-06-2025","16,953.75","16,846.10","16,976.20","16,752.10","","0.72%"
"30-05-2025","16,833.05","16,817.35","16,872.30","16,750.40","","0.32%"
"29-05-2025","16,779.55","16,775.45","16,814.85","16,716.40","","0.44%"
"28-05-2025","16,706.35","16,706.70","16,744.95","16,674.70","","0.41%"
"27-05-2025","16,637.85","16,642.40","16,684.20","16,587.45","","0.11%"
"26-05-2025","16,619.10","16,592.75","16,693.75","16,563.00","","0.52%"
"23-05-2025","16,532.95","16,461.65","16,558.55","16,363.25","","0.59%"
"22-05-2025","16,436.45","16,424.90","16,494.95","16,339.20","","0.00%"
"21-05-2025","16,437.10","16,400.45","16,489.95","16,308.80","","0.42%"
"20-05-2025","16,368.65","16,618.40","16,656.10","16,338.00","","-0.90%"
"19-05-2025","16,516.80","16,483.65","16,606.50","16,376.00","","0.68%"
"16-05-2025","16,405.70","16,244.25","16,418.35","16,163.10","","1.53%"
"15-05-2025","16,159.25","16,112.65","16,172.80","16,052.10","","0.75%"
"14-05-2025","16,038.30","15,896.90","16,047.80","15,830.75","","1.41%"
"13-05-2025","15,815.45","15,714.80","15,822.65","15,644.60","","0.84%"
"12-05-2025","15,684.20","15,556.35","15,692.50","15,528.90","","4.00%"
"09-05-2025","15,080.45","14,787.20","15,116.60","14,783.70","","-0.66%"
"08-05-2025","15,180.45","15,417.65","15,557.05","15,101.95","","-1.19%"
"07-05-2025","15,362.70","14,946.40","15,382.40","14,943.00","","1.19%"
"06-05-2025","15,181.45","15,569.85","15,608.80","15,148.45","","-2.23%"
"05-05-2025","15,528.30","15,425.45","15,542.80","15,337.55","","1.13%"
"02-05-2025","15,354.35","15,365.65","15,495.05","15,221.20","","-0.03%"
"30-04-2025","15,359.45","15,624.80","15,630.65","15,301.40","","-1.79%"
"29-04-2025","15,639.70","15,679.50","15,795.65","15,617.30","","0.21%"
"28-04-2025","15,607.15","15,468.50","15,651.95","15,399.60","","0.53%"
"25-04-2025","15,524.15","15,937.55","15,953.45","15,318.80","","-2.46%"
"24-04-2025","15,915.25","15,933.55","16,006.25","15,876.00","","-0.05%"
"23-04-2025","15,923.20","15,970.25","16,013.05","15,691.80","","0.28%"
"22-04-2025","15,878.05","15,818.20","15,939.85","15,708.55","","0.80%"
"21-04-2025","15,751.85","15,537.95","15,768.95","15,455.85","","1.94%"
"17-04-2025","15,452.10","15,370.05","15,480.15","15,307.05","","0.45%"
"16-04-2025","15,382.45","15,267.25","15,395.40","15,234.60","","0.94%"
"15-04-2025","15,238.45","15,001.45","15,248.25","14,947.45","","3.06%"
"11-04-2025","14,786.30","14,691.60","14,803.80","14,521.15","","3.07%"
"09-04-2025","14,345.70","14,450.00","14,467.20","14,234.15","","-1.05%"
"08-04-2025","14,498.40","14,528.75","14,619.80","14,321.15","","2.17%"
"07-04-2025","14,190.20","13,316.10","14,279.50","13,314.70","","-3.99%"
"04-04-2025","14,780.50","15,263.35","15,281.55","14,671.50","","-3.30%"
"03-04-2025","15,285.45","15,064.10","15,299.30","15,057.90","","0.70%"
"02-04-2025","15,179.75","15,058.80","15,191.30","14,848.10","","1.00%"
"01-04-2025","15,030.10","15,068.10","15,190.70","14,960.00","","-0.49%"
"28-03-2025","15,104.05","15,174.50","15,305.90","15,063.00","","-0.05%"
"27-03-2025","15,111.65","14,924.85","15,137.65","14,855.25","","0.95%"
"26-03-2025","14,970.00","15,209.80","15,226.30","14,954.90","","-1.41%"
"25-03-2025","15,184.45","15,506.80","15,535.75","15,116.85","","-1.35%"
"24-03-2025","15,392.40","15,341.75","15,474.65","15,277.15","","0.98%"
"21-03-2025","15,242.30","14,951.70","15,260.05","14,914.20","","2.14%"
"20-03-2025","14,922.35","14,909.05","15,028.45","14,767.65","","0.78%"
"19-03-2025","14,807.00","14,579.25","14,838.55","14,569.90","","1.99%"
"18-03-2025","14,517.60","14,224.10","14,528.50","14,208.30","","2.66%"
"17-03-2025","14,141.70","14,134.05","14,247.30","14,071.55","","0.33%"
"13-03-2025","14,095.60","14,242.25","14,270.15","14,078.40","","-0.69%"
"12-03-2025","14,193.65","14,280.80","14,336.70","14,077.50","","-0.27%"
"11-03-2025","14,232.00","14,159.95","14,276.25","14,014.90","","-0.65%"
"10-03-2025","14,325.15","14,621.85","14,740.35","14,273.15","","-1.90%"
"07-03-2025","14,602.95","14,517.80","14,702.65","14,470.60","","0.69%"
"06-03-2025","14,503.30","14,411.40","14,546.45","14,381.60","","1.49%"
"05-03-2025","14,291.05","13,913.70","14,303.70","13,913.70","","2.71%"
"04-03-2025","13,914.10","13,597.20","13,968.70","13,507.60","","1.15%"
"03-03-2025","13,755.90","13,877.50","13,943.30","13,427.85","","-0.64%"
"28-02-2025","13,844.55","14,064.65","14,112.95","13,722.60","","-2.50%"
"27-02-2025","14,200.20","14,462.85","14,496.60","14,159.90","","-1.67%"
"25-02-2025","14,441.70","14,499.45","14,608.65","14,414.95","","-0.45%"
"24-02-2025","14,506.45","14,558.95","14,639.85","14,376.00","","-1.21%"
"21-02-2025","14,683.40","14,752.50","14,979.25","14,615.35","","-0.57%"
"20-02-2025","14,767.30","14,539.60","14,788.25","14,484.55","","1.22%"
"19-02-2025","14,588.65","14,183.30","14,615.10","14,106.80","","2.25%"
"18-02-2025","14,267.95","14,467.45","14,491.00","14,152.90","","-1.38%"
"17-02-2025","14,468.25","14,378.35","14,556.45","14,144.80","","-0.23%"
"14-02-2025","14,501.65","15,031.25","15,049.40","14,359.80","","-3.31%"
"13-02-2025","14,997.50","15,052.85","15,212.60","14,967.90","","-0.35%"
"12-02-2025","15,050.60","15,115.60","15,128.30","14,602.25","","-0.70%"
"11-02-2025","15,156.95","15,650.95","15,668.05","15,069.95","","-3.42%"
"10-02-2025","15,693.60","16,024.05","16,066.90","15,602.05","","-2.13%"
"07-02-2025","16,035.75","16,076.00","16,117.80","15,884.30","","-0.39%"
"06-02-2025","16,098.65","16,145.10","16,173.35","16,033.60","","-0.04%"
"05-02-2025","16,104.40","15,923.45","16,139.60","15,921.85","","1.57%"
"04-02-2025","15,855.95","15,781.45","15,866.70","15,696.85","","1.14%"
"03-02-2025","15,677.65","15,789.25","15,873.50","15,613.85","","-1.74%"
"01-02-2025","15,955.45","15,902.45","16,044.30","15,666.45","","0.66%"
"31-01-2025","15,851.05","15,606.25","15,863.50","15,585.60","","1.70%"
"30-01-2025","15,585.95","15,674.40","15,808.10","15,550.70","","-0.18%"
"29-01-2025","15,613.35","15,135.80","15,627.00","15,135.50","","3.16%"
"28-01-2025","15,135.10","15,415.40","15,454.20","14,819.85","","-1.82%"
"27-01-2025","15,416.30","15,836.85","15,842.70","15,291.30","","-3.66%"
"24-01-2025","16,001.70","16,370.60","16,415.20","15,964.65","","-2.15%"
"23-01-2025","16,352.80","16,190.85","16,458.70","16,134.85","","0.81%"
"22-01-2025","16,220.85","16,502.90","16,518.70","16,002.50","","-1.60%"
"21-01-2025","16,484.10","16,878.95","16,920.45","16,465.05","","-2.12%"
"20-01-2025","16,841.40","16,759.65","16,855.70","16,646.95","","0.84%"
"17-01-2025","16,700.50","16,706.55","16,734.20","16,579.95","","-0.04%"
"16-01-2025","16,707.90","16,642.60","16,777.95","16,641.75","","1.21%"
"15-01-2025","16,508.90","16,508.85","16,622.35","16,350.95","","0.52%"
"14-01-2025","16,422.75","16,227.80","16,457.30","16,163.55","","1.63%"
"13-01-2025","16,159.90","16,614.40","16,705.75","16,065.45","","-4.00%"
"10-01-2025","16,833.40","17,237.55","17,254.60","16,774.10","","-2.44%"
"09-01-2025","17,254.35","17,466.45","17,490.45","17,233.95","","-1.17%"
"08-01-2025","17,457.90","17,736.90","17,750.25","17,349.75","","-1.38%"
"07-01-2025","17,702.55","17,503.20","17,723.00","17,502.00","","1.41%"
"06-01-2025","17,455.70","18,031.60","18,046.15","17,418.75","","-2.88%"
"03-01-2025","17,973.05","18,035.45","18,117.40","17,954.00","","-0.19%"
"02-01-2025","18,007.95","17,947.60","18,018.80","17,892.60","","0.55%"
"01-01-2025","17,908.80","17,755.15","17,928.60","17,737.10","","0.88%"
"31-12-2024","17,752.25","17,602.40","17,789.05","17,478.20","","0.65%"
"30-12-2024","17,638.15","17,711.95","17,726.65","17,528.95","","-0.43%"
"27-12-2024","17,715.20","17,700.75","17,757.60","17,668.30","","0.27%"
"26-12-2024","17,667.45","17,700.95","17,744.15","17,558.55","","-0.03%"
"24-12-2024","17,672.45","17,641.80","17,731.65","17,543.30","","0.31%"
"23-12-2024","17,618.10","17,788.25","17,830.80","17,495.85","","-0.43%"
"20-12-2024","17,693.65","18,108.95","18,166.40","17,658.30","","-2.01%"
"19-12-2024","18,057.20","17,814.40","18,068.60","17,801.85","","-0.34%"
"18-12-2024","18,118.60","18,248.25","18,289.25","18,059.95","","-0.68%"
"17-12-2024","18,242.05","18,368.60","18,409.80","18,220.85","","-0.56%"
"16-12-2024","18,344.00","18,289.75","18,392.05","18,284.55","","0.44%"
"13-12-2024","18,263.75","18,294.90","18,298.35","17,954.80","","-0.36%"
"12-12-2024","18,330.30","18,529.40","18,548.25","18,311.40","","-0.93%"
"11-12-2024","18,502.65","18,500.65","18,539.50","18,462.95","","0.28%"
"10-12-2024","18,450.60","18,440.25","18,482.65","18,359.20","","0.29%"
"09-12-2024","18,396.45","18,365.85","18,428.20","18,331.60","","0.37%"
"06-12-2024","18,328.95","18,276.25","18,348.55","18,181.75","","0.54%"
"05-12-2024","18,230.40","18,218.75","18,250.15","18,150.30","","0.48%"
"04-12-2024","18,143.55","18,065.35","18,164.75","18,022.90","","0.76%"
"03-12-2024","18,007.50","17,891.95","18,025.45","17,878.45","","0.94%"
"02-12-2024","17,840.10","17,726.25","17,849.00","17,634.90","","0.70%"
"29-11-2024","17,716.45","17,620.65","17,732.30","17,545.75","","0.79%"
"28-11-2024","17,577.85","17,612.10","17,737.80","17,532.35","","0.14%"
"27-11-2024","17,552.65","17,422.85","17,567.35","17,359.90","","1.02%"
"26-11-2024","17,375.55","17,303.30","17,388.35","17,258.20","","0.61%"
"25-11-2024","17,269.55","17,199.70","17,286.05","17,169.40","","2.11%"
"22-11-2024","16,912.30","16,791.30","16,928.15","16,710.55","","0.98%"
"21-11-2024","16,747.85","16,830.05","16,856.70","16,604.45","","-0.58%"
"19-11-2024","16,845.25","16,756.55","17,031.85","16,754.90","","0.91%"
"18-11-2024","16,693.35","16,816.35","16,852.55","16,550.65","","-0.64%"
"14-11-2024","16,801.55","16,697.00","16,940.35","16,695.05","","0.79%"
"13-11-2024","16,670.35","17,121.30","17,134.65","16,644.70","","-3.06%"
"12-11-2024","17,196.40","17,465.65","17,560.45","17,162.85","","-1.31%"
"11-11-2024","17,423.90","17,582.00","17,592.05","17,401.05","","-1.19%"
"08-11-2024","17,634.25","17,944.05","17,949.80","17,595.30","","-1.56%"
"07-11-2024","17,914.60","18,085.55","18,151.70","17,893.25","","-0.62%"
"06-11-2024","18,027.15","17,781.30","18,040.10","17,732.85","","1.88%"
"05-11-2024","17,694.65","17,564.65","17,718.45","17,496.05","","0.48%"
"04-11-2024","17,609.50","17,928.80","17,943.70","17,509.65","","-1.84%"
"01-11-2024","17,938.85","17,889.55","17,978.35","17,882.95","","1.06%"
"31-10-2024","17,751.20","17,483.65","17,777.00","17,438.55","","1.53%"
"30-10-2024","17,483.40","17,301.80","17,541.45","17,294.10","","1.19%"
"29-10-2024","17,278.20","17,200.70","17,305.35","16,985.00","","0.74%"
"28-10-2024","17,151.60","16,995.75","17,214.55","16,828.90","","1.15%"
"25-10-2024","16,956.05","17,372.25","17,423.95","16,800.30","","-2.28%"
"24-10-2024","17,352.20","17,486.05","17,544.30","17,328.15","","-0.60%"
"23-10-2024","17,456.20","17,251.60","17,604.20","17,038.45","","1.04%"
"22-10-2024","17,275.70","17,929.40","17,936.25","17,242.90","","-3.68%"
"21-10-2024","17,936.30","18,311.65","18,328.40","17,902.95","","-1.65%"
"18-10-2024","18,236.80","18,151.25","18,261.85","17,848.75","","-0.04%"
"17-10-2024","18,244.30","18,561.10","18,575.50","18,225.30","","-1.41%"
"16-10-2024","18,505.95","18,464.65","18,525.60","18,365.60","","0.21%"
"15-10-2024","18,467.65","18,338.95","18,483.60","18,326.80","","1.11%"
"14-10-2024","18,265.10","18,274.75","18,303.85","18,189.25","","0.29%"
"11-10-2024","18,213.00","18,166.70","18,247.45","18,114.20","","0.47%"
"10-10-2024","18,127.35","18,205.55","18,248.00","18,114.15","","0.13%"
"09-10-2024","18,103.95","17,976.45","18,183.30","17,975.55","","1.24%"
"08-10-2024","17,882.85","17,461.85","17,910.50","17,359.50","","2.10%"
"07-10-2024","17,514.50","18,090.85","18,142.50","17,379.70","","-2.81%"
"04-10-2024","18,021.65","18,163.50","18,258.50","17,804.10","","-0.87%"
"03-10-2024","18,179.20","18,257.50","18,431.00","18,119.95","","-1.90%"
"01-10-2024","18,531.80","18,444.80","18,550.45","18,426.60","","0.66%"
"30-09-2024","18,410.70","18,407.20","18,447.70","18,258.35","","0.06%"
"27-09-2024","18,399.85","18,488.50","18,538.95","18,370.50","","-0.19%"
"26-09-2024","18,434.95","18,569.30","18,575.15","18,401.75","","-0.45%"
"25-09-2024","18,518.10","18,614.10","18,621.45","18,458.30","","-0.35%"
"24-09-2024","18,583.30","18,675.10","18,688.30","18,570.45","","-0.21%"
"23-09-2024","18,623.15","18,578.20","18,640.65","18,528.20","","0.86%"
"20-09-2024","18,464.65","18,375.25","18,501.70","18,285.60","","1.06%"
"19-09-2024","18,270.40","18,583.70","18,619.45","18,057.95","","-1.11%"
"18-09-2024","18,475.80","18,568.55","18,610.95","18,393.95","","-0.34%"
"17-09-2024","18,538.30","18,618.70","18,622.85","18,466.95","","-0.19%"
"16-09-2024","18,572.90","18,636.80","18,656.70","18,503.35","","0.16%"
"13-09-2024","18,543.15","18,470.40","18,563.60","18,430.05","","0.88%"
"12-09-2024","18,381.70","18,345.70","18,400.00","18,284.60","","0.78%"
"11-09-2024","18,238.80","18,430.80","18,443.75","18,220.85","","-0.78%"
"10-09-2024","18,383.00","18,255.25","18,400.20","18,254.90","","1.25%"
"09-09-2024","18,155.90","18,280.75","18,283.95","17,955.50","","-0.83%"
"06-09-2024","18,307.85","18,547.85","18,627.45","18,280.10","","-1.01%"
"05-09-2024","18,495.35","18,397.30","18,539.35","18,393.55","","0.95%"
"04-09-2024","18,320.60","18,126.40","18,405.60","18,083.35","","0.31%"
"03-09-2024","18,264.30","18,221.70","18,307.60","18,217.55","","0.59%"
"02-09-2024","18,157.70","18,266.00","18,273.65","18,100.70","","-0.07%"
"30-08-2024","18,170.25","18,175.90","18,210.10","18,082.00","","0.52%"
"29-08-2024","18,077.05","18,206.10","18,246.40","18,005.90","","-0.57%"
"28-08-2024","18,180.30","18,281.85","18,316.25","18,165.65","","-0.22%"
"27-08-2024","18,219.55","18,125.65","18,233.15","18,099.70","","0.77%"
"26-08-2024","18,081.15","18,129.00","18,150.70","18,063.70","","0.41%"
"23-08-2024","18,006.55","18,036.40","18,054.70","17,947.10","","0.12%"
"22-08-2024","17,984.45","18,007.80","18,096.05","17,969.20","","0.32%"
"21-08-2024","17,927.75","17,766.00","17,935.95","17,737.10","","1.10%"
"20-08-2024","17,732.50","17,731.25","17,742.65","17,643.20","","0.54%"
"19-08-2024","17,637.25","17,497.70","17,656.80","17,484.50","","1.53%"
"16-08-2024","17,371.40","17,221.95","17,387.20","17,211.50","","1.71%"
"14-08-2024","17,080.15","17,257.05","17,272.00","16,969.65","","-0.57%"
"13-08-2024","17,177.40","17,490.50","17,490.65","17,148.45","","-1.23%"
"12-08-2024","17,392.15","17,308.70","17,445.95","17,178.65","","0.32%"
"09-08-2024","17,335.90","17,404.80","17,432.40","17,305.30","","0.64%"
"08-08-2024","17,226.15","17,325.35","17,397.75","17,204.10","","-0.28%"
"07-08-2024","17,274.90","17,147.90","17,299.05","16,947.00","","2.39%"
"06-08-2024","16,871.85","17,116.55","17,320.70","16,839.10","","-0.39%"
"05-08-2024","16,937.90","17,193.70","17,309.05","16,845.00","","-4.18%"
"02-08-2024","17,677.65","17,636.75","17,794.55","17,551.25","","-0.83%"
"01-08-2024","17,825.05","18,022.50","18,049.80","17,754.50","","-0.69%"
"31-07-2024","17,948.00","18,021.40","18,038.10","17,922.85","","-0.20%"
"30-07-2024","17,983.30","17,892.40","18,018.00","17,860.95","","0.82%"
"29-07-2024","17,836.55","17,790.90","17,899.75","17,782.00","","1.07%"
"26-07-2024","17,647.40","17,539.85","17,676.15","17,517.25","","0.94%"
"25-07-2024","17,483.80","17,395.60","17,519.25","17,350.35","","-0.28%"
"24-07-2024","17,532.70","17,235.80","17,548.25","17,224.70","","1.86%"
"23-07-2024","17,212.15","17,389.20","17,401.65","16,520.50","","-0.61%"
"22-07-2024","17,317.00","17,029.55","17,355.50","16,896.15","","0.89%"
"19-07-2024","17,163.40","17,588.65","17,593.30","17,140.90","","-2.36%"
"18-07-2024","17,577.65","17,789.75","17,812.00","17,488.00","","-1.11%"
"16-07-2024","17,774.90","17,797.10","17,885.75","17,741.60","","0.18%"
"15-07-2024","17,743.15","17,766.65","17,780.20","17,568.95","","0.36%"
"12-07-2024","17,679.20","17,778.85","17,818.45","17,650.15","","-0.07%"
"11-07-2024","17,692.15","17,674.15","17,707.55","17,594.90","","0.61%"
"10-07-2024","17,585.70","17,790.20","17,807.50","17,249.35","","-0.69%"
"09-07-2024","17,707.65","17,775.90","17,828.00","17,628.00","","0.24%"
"08-07-2024","17,665.75","17,806.20","17,855.05","17,605.60","","-0.26%"
"05-07-2024","17,712.30","17,626.80","17,749.10","17,598.70","","0.68%"
"04-07-2024","17,591.95","17,588.10","17,623.35","17,492.10","","0.56%"
"03-07-2024","17,494.70","17,434.15","17,505.70","17,398.95","","0.90%"
"02-07-2024","17,339.35","17,428.65","17,462.90","17,243.60","","-0.16%"
"01-07-2024","17,367.65","17,190.65","17,375.10","17,176.05","","1.50%"
"28-06-2024","17,111.05","17,079.90","17,172.45","17,076.05","","0.66%"
"27-06-2024","16,999.55","17,145.80","17,216.95","16,920.65","","-0.56%"
"26-06-2024","17,095.70","17,102.25","17,148.20","17,040.60","","0.21%"
"25-06-2024","17,059.70","17,147.30","17,219.05","17,039.55","","0.07%"
"24-06-2024","17,048.15","17,003.35","17,113.40","16,882.75","","0.01%"
"21-06-2024","17,046.55","17,113.80","17,168.75","17,019.95","","-0.04%"
"20-06-2024","17,054.00","17,008.25","17,090.65","16,920.05","","0.66%"
"19-06-2024","16,942.80","17,098.15","17,110.10","16,784.55","","-0.38%"
"18-06-2024","17,007.85","16,966.05","17,028.10","16,905.15","","0.96%"
"14-06-2024","16,845.55","16,771.40","16,874.85","16,717.90","","0.86%"
"13-06-2024","16,701.65","16,675.90","16,716.75","16,588.55","","0.81%"
"12-06-2024","16,567.70","16,487.85","16,582.50","16,482.70","","0.94%"
"11-06-2024","16,413.65","16,380.70","16,489.00","16,309.00","","0.62%"
"10-06-2024","16,312.50","16,244.45","16,362.45","16,190.95","","1.32%"
"07-06-2024","16,100.00","15,826.45","16,110.50","15,767.70","","2.25%"
"06-06-2024","15,745.90","15,447.00","15,797.90","15,445.55","","3.25%"
"05-06-2024","15,250.00","14,908.00","15,274.40","14,466.30","","3.31%"
"04-06-2024","14,761.10","15,947.90","15,947.95","14,145.25","","-7.45%"
"03-06-2024","15,948.75","16,232.05","16,235.05","15,881.30","","2.06%"
"31-05-2024","15,626.65","15,609.40","15,672.05","15,461.20","","0.48%"
"30-05-2024","15,551.95","15,762.45","15,786.90","15,530.60","","-1.48%"
"29-05-2024","15,786.20","15,732.40","15,838.25","15,657.10","","0.08%"
"28-05-2024","15,773.05","15,983.20","15,995.75","15,710.70","","-1.02%"
"27-05-2024","15,935.55","15,951.20","16,002.25","15,824.35","","0.44%"
"24-05-2024","15,865.65","15,906.75","15,978.05","15,848.20","","-0.13%"
"23-05-2024","15,885.85","15,905.10","15,941.30","15,842.95","","0.24%"
"22-05-2024","15,847.05","15,938.60","15,950.05","15,705.95","","-0.13%"
"21-05-2024","15,867.75","15,969.35","15,972.85","15,786.70","","-0.43%"
"18-05-2024","15,935.50","15,935.50","15,935.50","15,935.50","","0.90%"
"17-05-2024","15,792.90","15,626.00","15,804.10","15,614.30","","1.59%"
"16-05-2024","15,545.75","15,511.95","15,566.10","15,487.15","","0.74%"
"15-05-2024","15,431.20","15,387.80","15,483.75","15,375.50","","0.76%"
"14-05-2024","15,315.45","15,124.10","15,328.20","15,122.55","","1.76%"
"13-05-2024","15,050.75","15,130.85","15,156.90","14,780.40","","-0.36%"
"10-05-2024","15,104.90","15,059.00","15,124.30","14,825.10","","0.66%"
"09-05-2024","15,006.35","15,444.10","15,473.55","14,977.25","","-2.65%"
"08-05-2024","15,414.90","15,314.60","15,486.65","15,218.50","","0.49%"
"07-05-2024","15,339.25","15,650.00","15,654.30","15,236.70","","-1.78%"
"06-05-2024","15,617.15","15,893.60","15,901.35","15,541.70","","-1.12%"
"03-05-2024","15,793.30","15,939.40","15,944.70","15,684.45","","-0.35%"
"02-05-2024","15,848.40","15,891.25","15,906.90","15,819.55","","0.09%"
"30-04-2024","15,833.40","15,908.25","15,923.20","15,822.00","","0.06%"
"29-04-2024","15,824.55","15,918.75","15,929.50","15,804.80","","0.06%"
"26-04-2024","15,814.50","15,809.00","15,876.90","15,763.10","","0.48%"
"25-04-2024","15,739.15","15,635.55","15,755.25","15,614.10","","0.83%"
"24-04-2024","15,609.20","15,584.70","15,651.45","15,571.75","","0.80%"
"23-04-2024","15,486.00","15,437.70","15,497.55","15,411.85","","0.96%"
"22-04-2024","15,338.00","15,282.50","15,356.95","15,254.00","","1.16%"
"19-04-2024","15,162.20","15,026.70","15,216.90","14,860.60","","-0.12%"
"18-04-2024","15,180.60","15,271.70","15,369.90","15,149.80","","-0.02%"
"16-04-2024","15,183.70","14,995.90","15,255.65","14,971.05","","0.64%"
"15-04-2024","15,086.65","15,006.15","15,201.75","14,792.10","","-1.54%"
"12-04-2024","15,322.15","15,381.20","15,455.70","15,302.95","","-0.41%"
"10-04-2024","15,384.50","15,349.40","15,403.65","15,264.90","","0.60%"
"09-04-2024","15,293.40","15,376.55","15,398.00","15,215.25","","0.04%"
"08-04-2024","15,286.55","15,354.60","15,373.95","15,267.00","","0.25%"
"05-04-2024","15,248.20","15,169.60","15,268.55","15,121.50","","0.59%"
"04-04-2024","15,159.25","15,189.95","15,223.05","15,086.60","","0.62%"
"03-04-2024","15,065.35","14,916.75","15,076.25","14,893.20","","1.05%"
"02-04-2024","14,908.30","14,823.45","14,923.05","14,775.35","","0.99%"
"01-04-2024","14,762.15","14,458.45","14,776.05","14,456.55","","3.01%"
"28-03-2024","14,330.50","14,377.90","14,407.40","14,313.65","","0.33%"
"27-03-2024","14,283.60","14,218.95","14,362.80","14,213.65","","0.82%"
"26-03-2024","14,167.85","14,166.80","14,223.45","14,045.10","","0.05%"
"22-03-2024","14,161.40","14,049.80","14,192.65","14,024.75","","0.81%"
"21-03-2024","14,047.30","13,868.45","14,060.05","13,867.80","","2.28%"
"20-03-2024","13,733.55","13,764.15","13,811.30","13,558.70","","0.11%"
"19-03-2024","13,718.40","13,887.75","13,916.25","13,700.40","","-1.18%"
"18-03-2024","13,882.25","13,931.05","14,010.90","13,807.95","","-0.29%"
"15-03-2024","13,922.35","13,886.70","14,015.30","13,687.10","","0.21%"
"14-03-2024","13,892.70","13,380.50","13,905.50","13,284.30","","3.11%"
"13-03-2024","13,473.20","14,220.80","14,274.75","13,412.20","","-5.18%"
"12-03-2024","14,208.65","14,522.90","14,525.95","14,152.30","","-2.06%"
"11-03-2024","14,507.15","14,863.45","14,873.00","14,481.60","","-2.00%"
"07-03-2024","14,803.20","14,725.50","14,828.65","14,705.20","","0.81%"
"06-03-2024","14,684.20","14,944.85","14,945.30","14,521.25","","-1.97%"
"05-03-2024","14,979.60","15,070.80","15,089.05","14,964.45","","-0.65%"
"04-03-2024","15,077.10","15,212.15","15,235.05","15,056.35","","-0.60%"
"02-03-2024","15,168.15","15,140.05","15,189.20","15,128.60","","0.71%"
"01-03-2024","15,061.35","15,057.55","15,104.20","15,028.95","","0.64%"
"29-02-2024","14,965.05","14,888.35","15,015.20","14,691.45","","0.47%"
"28-02-2024","14,895.25","15,233.55","15,249.65","14,842.20","","-1.89%"
"27-02-2024","15,181.95","15,183.30","15,239.60","15,136.45","","0.25%"
"26-02-2024","15,143.40","15,213.20","15,243.50","15,126.55","","-0.17%"
"23-02-2024","15,169.50","15,168.10","15,197.80","15,106.00","","0.57%"
"22-02-2024","15,083.55","15,067.80","15,095.55","14,849.00","","0.61%"
"21-02-2024","14,992.15","15,164.45","15,199.05","14,960.50","","-0.78%"
"20-02-2024","15,110.70","15,224.90","15,256.85","15,087.30","","-0.40%"
"19-02-2024","15,171.00","15,188.70","15,220.10","15,151.40","","0.48%"
"16-02-2024","15,098.90","15,084.35","15,151.75","15,079.35","","0.65%"
"15-02-2024","15,002.05","14,922.45","15,022.30","14,918.85","","1.17%"
"14-02-2024","14,829.25","14,480.30","14,844.00","14,427.90","","1.29%"
"13-02-2024","14,641.05","14,572.95","14,655.10","14,253.00","","0.36%"
"12-02-2024","14,589.05","15,165.30","15,170.95","14,543.95","","-3.56%"
"09-02-2024","15,128.35","15,375.25","15,379.70","14,902.30","","-1.27%"
"08-02-2024","15,323.00","15,474.45","15,485.70","15,310.75","","-0.44%"
"07-02-2024","15,390.45","15,423.10","15,489.50","15,321.05","","0.52%"
"06-02-2024","15,310.15","15,261.60","15,340.65","15,169.80","","0.93%"
"05-02-2024","15,168.40","15,256.20","15,329.00","15,087.20","","-0.05%"
"02-02-2024","15,175.90","15,193.35","15,277.65","15,148.50","","0.61%"
"01-02-2024","15,084.20","15,147.10","15,165.80","14,947.95","","0.14%"
"31-01-2024","15,063.50","14,823.00","15,076.15","14,818.10","","2.13%"
"30-01-2024","14,749.95","14,817.35","14,867.45","14,734.75","","0.13%"
"29-01-2024","14,730.25","14,634.95","14,747.30","14,632.55","","1.28%"
"25-01-2024","14,543.80","14,523.90","14,565.55","14,447.00","","0.53%"
"24-01-2024","14,467.35","14,246.95","14,479.50","14,073.15","","1.76%"
"23-01-2024","14,217.35","14,716.95","14,739.90","14,156.60","","-2.72%"
"20-01-2024","14,614.55","14,620.80","14,661.60","14,581.60","","0.45%"
"19-01-2024","14,548.55","14,510.50","14,603.90","14,505.50","","1.07%"
"18-01-2024","14,394.95","14,386.30","14,455.60","14,042.70","","-0.01%"
"17-01-2024","14,396.60","14,432.05","14,556.35","14,337.35","","-1.05%"
"16-01-2024","14,549.05","14,627.15","14,658.20","14,406.90","","-0.27%"
"15-01-2024","14,589.00","14,645.25","14,676.05","14,509.70","","0.25%"
"12-01-2024","14,552.75","14,580.75","14,601.30","14,540.80","","0.37%"
"11-01-2024","14,498.55","14,442.25","14,517.65","14,440.20","","0.83%"
"10-01-2024","14,379.85","14,383.65","14,410.70","14,285.90","","0.20%"
"09-01-2024","14,350.90","14,403.35","14,448.75","14,336.50","","0.37%"
"08-01-2024","14,298.20","14,445.30","14,456.30","14,288.15","","-0.59%"
"05-01-2024","14,382.40","14,362.75","14,402.60","14,256.55","","0.67%"
"04-01-2024","14,286.30","14,209.25","14,297.75","14,207.75","","1.03%"
"03-01-2024","14,141.00","14,142.45","14,170.25","14,072.20","","0.12%"
"02-01-2024","14,124.25","14,173.30","14,212.60","13,960.30","","-0.04%"
"01-01-2024","14,129.70","14,081.90","14,167.95","14,074.70","","0.63%"
"29-12-2023","14,041.30","14,005.20","14,059.05","13,928.75","","0.61%"
"28-12-2023","13,956.55","13,939.50","13,968.85","13,892.95","","0.59%"
"27-12-2023","13,874.40","13,913.50","13,939.75","13,799.45","","0.30%"
"26-12-2023","13,833.00","13,848.60","13,857.50","13,790.15","","0.30%"
"22-12-2023","13,792.00","13,743.40","13,830.65","13,674.25","","1.02%"
"21-12-2023","13,652.50","13,284.90","13,673.50","13,176.20","","1.69%"
"20-12-2023","13,425.25","13,963.35","14,003.15","13,383.65","","-3.34%"
"19-12-2023","13,888.95","13,938.95","13,960.85","13,838.80","","0.08%"
"18-12-2023","13,877.85","13,869.60","13,919.60","13,784.40","","0.42%"
"15-12-2023","13,820.45","13,802.95","13,852.95","13,784.95","","0.71%"
"14-12-2023","13,722.75","13,726.95","13,775.15","13,716.85","","0.78%"
"13-12-2023","13,616.70","13,584.85","13,626.30","13,513.55","","0.64%"
"12-12-2023","13,529.60","13,611.55","13,636.50","13,493.15","","-0.12%"
"11-12-2023","13,546.35","13,530.75","13,575.30","13,523.00","","0.56%"
"08-12-2023","13,470.80","13,633.30","13,653.30","13,396.55","","-0.85%"
"07-12-2023","13,586.20","13,573.00","13,605.50","13,473.45","","0.30%"
"06-12-2023","13,545.40","13,559.20","13,567.15","13,487.60","","0.27%"
"05-12-2023","13,509.05","13,544.80","13,594.40","13,415.65","","0.15%"
"04-12-2023","13,489.05","13,559.40","13,569.20","13,439.05","","1.22%"
"01-12-2023","13,326.60","13,332.65","13,381.20","13,309.45","","0.56%"
"30-11-2023","13,252.00","13,153.95","13,274.30","13,083.10","","1.07%"
"29-11-2023","13,112.10","13,090.60","13,133.60","13,041.55","","0.75%"
"28-11-2023","13,013.90","13,059.85","13,080.50","13,001.40","","0.22%"
"24-11-2023","12,984.95","13,014.70","13,055.85","12,975.35","","0.17%"
"23-11-2023","12,962.40","12,919.40","12,997.45","12,918.45","","0.51%"
"22-11-2023","12,896.20","13,021.55","13,033.25","12,853.90","","-0.85%"
"21-11-2023","13,006.55","13,050.70","13,079.55","12,991.90","","0.19%"
"20-11-2023","12,981.50","13,024.35","13,051.25","12,952.60","","0.04%"
"17-11-2023","12,976.90","12,935.20","13,023.70","12,919.90","","0.33%"
"16-11-2023","12,933.85","12,902.10","12,974.05","12,878.80","","0.43%"
"15-11-2023","12,878.00","12,879.15","12,894.85","12,830.80","","1.11%"
"13-11-2023","12,736.75","12,706.55","12,753.75","12,631.40","","1.51%"
"10-11-2023","12,547.05","12,492.90","12,558.40","12,458.10","","0.42%"
"09-11-2023","12,494.35","12,577.90","12,581.20","12,481.50","","-0.29%"
"08-11-2023","12,530.65","12,514.85","12,573.35","12,506.60","","0.60%"
"07-11-2023","12,456.05","12,424.35","12,463.30","12,367.15","","0.58%"
"06-11-2023","12,384.35","12,354.35","12,396.60","12,333.80","","1.07%"
"03-11-2023","12,253.60","12,210.05","12,273.45","12,208.50","","1.02%"
"02-11-2023","12,130.30","12,097.00","12,142.60","12,077.95","","1.08%"
"01-11-2023","12,000.50","12,059.00","12,100.55","11,988.70","","-0.19%"
"31-10-2023","12,023.75","12,096.90","12,129.90","12,006.20","","-0.08%"
"30-10-2023","12,033.85","12,068.30","12,079.00","11,937.15","","0.07%"
"27-10-2023","12,024.90","11,886.45","12,051.55","11,885.85","","1.93%"
"26-10-2023","11,797.15","11,807.95","11,825.90","11,493.75","","-0.48%"
"25-10-2023","11,853.70","12,003.75","12,080.30","11,703.65","","-0.64%"
"23-10-2023","11,930.40","12,442.40","12,456.10","11,894.30","","-3.79%"
"20-10-2023","12,400.30","12,503.00","12,544.00","12,380.30","","-0.80%"
"19-10-2023","12,500.60","12,452.95","12,520.65","12,400.25","","0.15%"
"18-10-2023","12,482.35","12,571.00","12,590.45","12,456.65","","-0.38%"
"17-10-2023","12,530.40","12,539.35","12,563.20","12,499.90","","0.67%"
"16-10-2023","12,446.75","12,441.00","12,483.25","12,410.50","","0.32%"
"13-10-2023","12,407.45","12,403.75","12,469.70","12,386.30","","-0.14%"
"12-10-2023","12,425.20","12,391.25","12,438.50","12,389.55","","0.72%"
"11-10-2023","12,336.85","12,320.95","12,386.55","12,320.05","","0.69%"
"10-10-2023","12,252.25","12,173.90","12,262.80","12,173.40","","1.12%"
"09-10-2023","12,116.45","12,183.05","12,214.75","12,077.40","","-1.63%"
"06-10-2023","12,316.75","12,277.45","12,329.45","12,249.05","","0.64%"
"05-10-2023","12,238.55","12,243.55","12,291.70","12,194.60","","0.57%"
"04-10-2023","12,168.70","12,289.65","12,293.80","12,104.80","","-1.13%"
"03-10-2023","12,307.95","12,259.00","12,318.90","12,232.45","","0.63%"
"29-09-2023","12,230.40","12,203.05","12,266.05","12,171.80","","0.66%"
"28-09-2023","12,150.25","12,238.80","12,283.75","12,132.10","","-0.31%"
"27-09-2023","12,188.45","12,124.05","12,200.25","12,108.30","","0.72%"
"26-09-2023","12,100.75","12,077.75","12,136.85","12,058.10","","0.43%"
"25-09-2023","12,048.95","12,077.75","12,096.30","12,023.60","","0.09%"
"22-09-2023","12,038.45","12,062.90","12,105.25","11,946.20","","0.01%"
"21-09-2023","12,036.70","12,162.35","12,215.60","12,009.30","","-1.11%"
"20-09-2023","12,171.70","12,226.15","12,271.60","12,113.50","","-0.57%"
"18-09-2023","12,241.25","12,344.80","12,352.20","12,223.60","","-0.49%"
"15-09-2023","12,301.65","12,339.60","12,368.75","12,273.55","","0.26%"
"14-09-2023","12,269.60","12,201.30","12,299.95","12,199.45","","1.22%"
"13-09-2023","12,121.20","12,019.00","12,156.75","11,870.40","","0.98%"
"12-09-2023","12,003.00","12,563.45","12,573.30","11,974.15","","-3.88%"
"11-09-2023","12,487.55","12,465.75","12,503.85","12,462.25","","0.97%"
"08-09-2023","12,367.00","12,363.80","12,389.90","12,291.95","","0.61%"
"07-09-2023","12,291.95","12,268.00","12,313.80","12,223.30","","0.56%"
"06-09-2023","12,223.30","12,267.25","12,284.20","12,186.80","","0.06%"
"05-09-2023","12,216.25","12,212.10","12,264.00","12,139.85","","0.63%"
"04-09-2023","12,139.85","12,100.95","12,169.60","12,017.15","","1.02%"
"01-09-2023","12,017.15","11,976.70","12,031.65","11,959.90","","0.72%"
"31-08-2023","11,931.20","11,865.15","11,948.80","11,836.80","","1.04%"
"30-08-2023","11,807.90","11,781.85","11,829.10","11,771.05","","0.88%"
"29-08-2023","11,705.25","11,677.50","11,718.10","11,676.80","","0.67%"
"28-08-2023","11,627.30","11,612.50","11,645.35","11,590.00","","0.68%"
"25-08-2023","11,548.90","11,561.35","11,612.10","11,468.10","","-0.24%"
"24-08-2023","11,576.95","11,664.50","11,682.55","11,566.05","","-0.13%"
"23-08-2023","11,591.55","11,552.80","11,613.60","11,551.50","","0.71%"
"22-08-2023","11,509.70","11,477.60","11,520.45","11,472.95","","0.67%"
"21-08-2023","11,432.65","11,392.75","11,442.80","11,375.30","","0.83%"
"18-08-2023","11,338.05","11,375.15","11,415.80","11,317.15","","-0.29%"
"17-08-2023","11,370.95","11,377.35","11,426.70","11,356.45","","0.18%"
"16-08-2023","11,350.20","11,289.65","11,359.60","11,270.95","","0.42%"
"14-08-2023","11,302.85","11,369.95","11,371.80","11,176.10","","-0.65%"
"11-08-2023","11,376.50","11,449.30","11,454.25","11,361.70","","-0.27%"
"10-08-2023","11,406.80","11,462.25","11,487.35","11,387.90","","-0.25%"
"09-08-2023","11,435.95","11,402.85","11,452.55","11,368.20","","0.57%"
"08-08-2023","11,371.55","11,390.30","11,396.00","11,300.30","","0.16%"
"07-08-2023","11,353.10","11,395.50","11,401.95","11,333.30","","0.31%"
"04-08-2023","11,317.75","11,303.75","11,363.90","11,301.85","","0.62%"
"03-08-2023","11,247.50","11,224.40","11,286.95","11,168.00","","0.14%"
"02-08-2023","11,232.10","11,387.20","11,397.55","11,137.30","","-1.28%"
"01-08-2023","11,377.65","11,403.05","11,420.50","11,359.75","","0.20%"
"31-07-2023","11,355.00","11,297.05","11,367.70","11,288.65","","1.03%"
"28-07-2023","11,239.10","11,224.05","11,249.80","11,196.90","","0.40%"
"27-07-2023","11,193.80","11,225.15","11,259.55","11,177.75","","0.13%"
"26-07-2023","11,178.75","11,173.85","11,208.80","11,163.35","","0.33%"
"25-07-2023","11,141.85","11,184.55","11,212.90","11,127.60","","0.04%"
"24-07-2023","11,136.85","11,158.80","11,180.90","11,126.15","","0.24%"
"21-07-2023","11,110.55","11,073.00","11,126.20","11,050.45","","0.28%"
"20-07-2023","11,079.20","11,078.50","11,103.00","11,057.50","","0.27%"
"19-07-2023","11,049.25","11,009.90","11,066.35","11,008.65","","0.73%"
"18-07-2023","10,969.35","11,095.45","11,109.30","10,926.30","","-0.72%"
"17-07-2023","11,048.90","11,021.25","11,080.95","11,018.65","","0.78%"
"14-07-2023","10,962.95","10,874.65","10,972.30","10,863.05","","1.32%"
"13-07-2023","10,820.35","10,949.20","10,977.55","10,793.90","","-0.71%"
"12-07-2023","10,897.45","10,882.20","10,937.90","10,874.50","","0.49%"
"11-07-2023","10,843.95","10,777.75","10,852.85","10,775.85","","0.95%"
"10-07-2023","10,742.35","10,820.00","10,829.20","10,728.90","","-0.32%"
"07-07-2023","10,777.35","10,815.40","10,847.70","10,732.30","","-0.29%"
"06-07-2023","10,808.90","10,736.90","10,815.60","10,729.35","","0.84%"
"05-07-2023","10,718.90","10,672.40","10,728.00","10,656.00","","0.62%"
"04-07-2023","10,652.40","10,690.60","10,707.25","10,605.10","","0.14%"
"03-07-2023","10,637.90","10,604.45","10,649.05","10,604.00","","0.89%"
"30-06-2023","10,544.20","10,530.00","10,559.35","10,529.45","","0.49%"
"28-06-2023","10,493.30","10,522.70","10,546.00","10,482.10","","0.19%"
"27-06-2023","10,473.80","10,458.95","10,504.35","10,456.30","","0.56%"
"26-06-2023","10,415.80","10,357.75","10,424.70","10,330.70","","0.68%"
"23-06-2023","10,345.25","10,468.35","10,470.05","10,306.10","","-1.04%"
"22-06-2023","10,454.45","10,566.15","10,589.85","10,429.85","","-0.73%"
"21-06-2023","10,531.85","10,569.20","10,598.60","10,516.95","","0.07%"
"20-06-2023","10,524.90","10,497.90","10,535.25","10,469.60","","0.40%"
"19-06-2023","10,482.50","10,505.85","10,529.35","10,464.95","","0.31%"
"16-06-2023","10,450.10","10,418.00","10,478.00","10,416.15","","0.80%"
"15-06-2023","10,366.70","10,364.35","10,404.15","10,348.20","","0.31%"
"14-06-2023","10,334.45","10,341.55","10,351.15","10,314.30","","0.29%"
"13-06-2023","10,304.90","10,272.20","10,318.30","10,270.60","","0.73%"
"12-06-2023","10,229.85","10,205.20","10,238.30","10,175.10","","0.65%"
"09-06-2023","10,164.25","10,199.15","10,205.00","10,147.95","","-0.06%"
"08-06-2023","10,170.75","10,270.00","10,277.85","10,159.40","","-0.67%"
"07-06-2023","10,239.20","10,173.35","10,246.90","10,172.80","","1.12%"
"06-06-2023","10,125.70","10,102.10","10,132.05","10,067.65","","0.54%"
"05-06-2023","10,071.25","10,102.80","10,124.15","10,063.95","","0.28%"
"02-06-2023","10,043.45","10,046.00","10,079.85","10,034.20","","0.48%"
"01-06-2023","9,995.35","9,944.90","10,018.30","9,940.30","","0.83%"
"31-05-2023","9,913.40","9,832.95","9,929.80","9,821.20","","0.78%"
"30-05-2023","9,836.90","9,846.90","9,863.20","9,824.05","","0.05%"
"29-05-2023","9,831.80","9,854.20","9,857.05","9,809.65","","0.28%"
"26-05-2023","9,804.15","9,786.25","9,817.20","9,761.30","","0.46%"
"25-05-2023","9,759.15","9,740.25","9,767.50","9,723.00","","0.30%"
"24-05-2023","9,729.50","9,714.90","9,776.45","9,695.25","","0.04%"
"23-05-2023","9,725.45","9,733.20","9,771.75","9,719.30","","0.12%"
"22-05-2023","9,713.55","9,670.85","9,723.45","9,627.95","","0.40%"
"19-05-2023","9,674.85","9,704.25","9,708.15","9,590.25","","-0.04%"
"18-05-2023","9,678.55","9,761.80","9,777.65","9,660.85","","-0.41%"
"17-05-2023","9,718.30","9,701.35","9,739.05","9,661.30","","0.43%"
"16-05-2023","9,676.95","9,708.70","9,731.20","9,666.75","","0.04%"
"15-05-2023","9,673.25","9,624.55","9,683.65","9,574.90","","0.73%"
"12-05-2023","9,603.30","9,653.25","9,667.10","9,592.60","","-0.39%"
"11-05-2023","9,640.65","9,621.10","9,666.35","9,615.45","","0.71%"
"10-05-2023","9,572.35","9,545.05","9,583.85","9,495.95","","0.51%"
"09-05-2023","9,524.00","9,604.20","9,638.90","9,512.90","","-0.42%"
"08-05-2023","9,564.40","9,538.30","9,577.75","9,521.60","","0.74%"
"05-05-2023","9,494.25","9,552.75","9,578.65","9,482.05","","-0.55%"
"04-05-2023","9,546.90","9,491.30","9,557.35","9,490.90","","0.86%"
"03-05-2023","9,465.75","9,449.45","9,496.80","9,437.20","","0.14%"
"02-05-2023","9,452.85","9,446.80","9,499.55","9,437.10","","0.64%"
"28-04-2023","9,392.60","9,345.90","9,403.00","9,344.30","","0.99%"
"27-04-2023","9,300.85","9,278.50","9,312.05","9,273.35","","0.49%"
"26-04-2023","9,255.55","9,217.25","9,264.00","9,213.90","","0.55%"
"25-04-2023","9,205.05","9,191.50","9,232.65","9,174.20","","0.34%"
"24-04-2023","9,174.10","9,154.85","9,187.70","9,126.95","","0.47%"
"21-04-2023","9,130.80","9,174.75","9,177.20","9,089.65","","-0.19%"
"20-04-2023","9,148.30","9,156.35","9,169.30","9,133.50","","0.27%"
"19-04-2023","9,123.40","9,142.75","9,170.95","9,113.20","","0.00%"
"18-04-2023","9,123.35","9,136.85","9,154.55","9,101.45","","0.07%"
"17-04-2023","9,116.80","9,094.80","9,130.25","9,059.50","","0.16%"
"13-04-2023","9,102.50","9,088.50","9,118.60","9,067.55","","0.31%"
"12-04-2023","9,074.50","9,061.30","9,094.70","9,047.20","","0.38%"
"11-04-2023","9,040.05","9,033.95","9,059.40","9,019.45","","0.46%"
"10-04-2023","8,998.70","9,019.20","9,024.40","8,978.75","","0.17%"
"06-04-2023","8,983.15","8,935.25","8,991.15","8,909.15","","0.74%"
"05-04-2023","8,916.90","8,885.00","8,926.00","8,868.55","","0.67%"
"03-04-2023","8,857.30","8,836.00","8,877.60","8,821.00","","0.79%"
"31-03-2023","8,787.90","8,698.65","8,813.35","8,697.95","","1.54%"
"29-03-2023","8,654.90","8,510.10","8,664.35","8,509.90","","1.70%"
"28-03-2023","8,509.90","8,582.35","8,591.25","8,492.40","","-0.79%"
"27-03-2023","8,577.75","8,713.95","8,729.80","8,559.95","","-1.50%"
"24-03-2023","8,707.95","8,844.20","8,862.70","8,690.10","","-1.52%"
"23-03-2023","8,842.30","8,851.35","8,884.50","8,832.40","","-0.31%"
"22-03-2023","8,869.45","8,850.15","8,896.45","8,845.65","","0.56%"
"21-03-2023","8,820.25","8,824.70","8,839.20","8,805.30","","0.46%"
"20-03-2023","8,779.80","8,847.35","8,909.25","8,736.05","","-0.86%"
"17-03-2023","8,855.60","8,855.70","8,889.35","8,822.95","","0.66%"
"16-03-2023","8,797.30","8,847.50","8,848.85","8,705.90","","-0.70%"
"15-03-2023","8,859.20","8,912.10","8,949.25","8,844.60","","0.18%"
"14-03-2023","8,843.00","8,932.70","8,947.80","8,809.45","","-0.89%"
"13-03-2023","8,922.80","9,096.40","9,111.10","8,899.10","","-2.08%"
"10-03-2023","9,112.40","9,126.05","9,142.70","9,064.40","","-0.72%"
"09-03-2023","9,178.20","9,232.45","9,249.75","9,162.90","","-0.33%"
"08-03-2023","9,208.75","9,159.45","9,220.10","9,120.10","","0.27%"
"06-03-2023","9,184.10","9,137.00","9,219.85","9,131.90","","1.03%"
"03-03-2023","9,090.65","9,060.65","9,115.25","9,060.05","","0.70%"
"02-03-2023","9,027.10","9,054.80","9,069.20","9,018.60","","-0.09%"
"01-03-2023","9,035.05","8,936.05","9,041.85","8,931.05","","1.24%"
"28-02-2023","8,924.15","8,922.90","8,941.20","8,886.40","","0.35%"
"27-02-2023","8,893.30","8,995.60","8,995.85","8,853.45","","-1.18%"
"24-02-2023","8,999.10","9,045.40","9,076.90","8,987.70","","-0.17%"
"23-02-2023","9,014.80","9,017.80","9,037.35","8,929.10","","0.18%"
"22-02-2023","8,998.40","9,071.40","9,090.55","8,979.20","","-1.13%"
"21-02-2023","9,101.25","9,149.40","9,154.60","9,090.05","","-0.35%"
"20-02-2023","9,133.15","9,189.45","9,198.55","9,110.75","","-0.32%"
"17-02-2023","9,162.40","9,177.65","9,220.45","9,152.80","","-0.35%"
"16-02-2023","9,194.35","9,150.90","9,214.10","9,150.50","","0.80%"
"15-02-2023","9,121.45","9,069.60","9,131.20","9,066.10","","0.40%"
"14-02-2023","9,085.45","9,140.65","9,155.40","9,064.75","","-0.53%"
"13-02-2023","9,133.70","9,259.20","9,260.20","9,123.70","","-1.19%"
"10-02-2023","9,243.60","9,186.80","9,280.15","9,184.10","","0.49%"
"09-02-2023","9,198.85","9,234.35","9,237.75","9,182.40","","-0.25%"
"08-02-2023","9,222.15","9,164.10","9,229.15","9,142.50","","0.77%"
"07-02-2023","9,151.35","9,207.20","9,216.95","9,130.35","","-0.37%"
"06-02-2023","9,185.15","9,180.65","9,225.70","9,160.90","","0.26%"
"03-02-2023","9,161.55","9,224.15","9,248.50","9,064.50","","-0.37%"
"02-02-2023","9,195.60","9,121.00","9,280.55","9,103.55","","0.44%"
"01-02-2023","9,155.60","9,323.40","9,406.75","9,041.65","","-1.15%"
"31-01-2023","9,261.70","9,050.35","9,285.95","9,025.00","","2.63%"
"30-01-2023","9,024.75","9,029.20","9,143.60","8,974.70","","-0.21%"
"27-01-2023","9,043.65","9,230.90","9,266.75","8,957.40","","-1.83%"
"25-01-2023","9,211.90","9,287.70","9,300.45","9,182.00","","-0.89%"
"24-01-2023","9,294.45","9,348.50","9,368.45","9,283.70","","-0.40%"
"23-01-2023","9,331.90","9,377.00","9,384.75","9,321.25","","-0.14%"
"20-01-2023","9,344.95","9,416.60","9,424.35","9,335.70","","-0.55%"
"19-01-2023","9,396.90","9,400.40","9,423.40","9,383.75","","-0.29%"
"18-01-2023","9,424.05","9,431.85","9,450.00","9,413.45","","0.06%"
"17-01-2023","9,417.95","9,440.60","9,442.80","9,379.85","","-0.14%"
"16-01-2023","9,431.25","9,465.30","9,493.45","9,421.55","","-0.05%"
"13-01-2023","9,436.25","9,432.75","9,449.35","9,403.85","","0.29%"
"12-01-2023","9,409.40","9,435.50","9,460.55","9,367.50","","0.07%"
"11-01-2023","9,403.20","9,426.90","9,458.35","9,394.05","","0.06%"
"10-01-2023","9,398.00","9,461.50","9,467.00","9,368.15","","-0.49%"
"09-01-2023","9,444.15","9,474.70","9,506.05","9,423.95","","0.40%"
"06-01-2023","9,406.75","9,491.95","9,500.80","9,373.20","","-0.77%"
"05-01-2023","9,479.50","9,518.80","9,531.20","9,424.10","","-0.01%"
"04-01-2023","9,480.90","9,585.45","9,600.15","9,449.35","","-0.90%"
"03-01-2023","9,566.55","9,575.90","9,596.05","9,541.05","","0.14%"
"02-01-2023","9,552.80","9,507.10","9,561.85","9,476.20","","0.75%"
"30-12-2022","9,481.25","9,463.85","9,533.20","9,463.50","","0.77%"
"29-12-2022","9,408.35","9,367.40","9,417.25","9,329.35","","0.12%"
"28-12-2022","9,397.05","9,381.15","9,415.20","9,321.75","","0.21%"
"27-12-2022","9,377.05","9,338.25","9,419.35","9,279.10","","1.23%"
"26-12-2022","9,262.70","8,958.15","9,276.55","8,894.75","","3.35%"
"23-12-2022","8,962.50","9,283.50","9,303.70","8,945.35","","-4.39%"
"22-12-2022","9,373.85","9,585.50","9,625.00","9,299.35","","-1.74%"
"21-12-2022","9,540.00","9,782.85","9,816.60","9,507.50","","-2.07%"
"20-12-2022","9,741.25","9,758.45","9,791.50","9,677.55","","-0.21%"
"19-12-2022","9,761.45","9,771.50","9,791.30","9,715.55","","0.30%"
"16-12-2022","9,732.30","9,783.80","9,849.10","9,695.75","","-0.79%"
"15-12-2022","9,810.20","9,861.90","9,894.00","9,795.90","","-0.43%"
"14-12-2022","9,852.65","9,830.80","9,875.90","9,804.10","","0.65%"
"13-12-2022","9,788.70","9,781.15","9,799.95","9,761.45","","0.57%"
"12-12-2022","9,733.25","9,687.05","9,740.25","9,618.90","","0.53%"
"09-12-2022","9,681.80","9,824.75","9,837.65","9,624.80","","-1.04%"
"08-12-2022","9,783.20","9,751.40","9,792.80","9,745.65","","0.55%"
"07-12-2022","9,729.65","9,788.05","9,807.10","9,707.70","","-0.39%"
"06-12-2022","9,767.50","9,787.90","9,813.80","9,754.05","","-0.23%"
"05-12-2022","9,790.50","9,801.05","9,819.75","9,771.65","","0.33%"
"02-12-2022","9,758.15","9,710.80","9,766.05","9,702.25","","0.66%"
"01-12-2022","9,693.85","9,709.05","9,738.15","9,677.95","","0.44%"
"30-11-2022","9,651.05","9,630.85","9,661.15","9,617.00","","0.51%"
"29-11-2022","9,602.20","9,658.95","9,686.20","9,587.75","","-0.36%"
"28-11-2022","9,636.60","9,543.55","9,643.15","9,540.30","","1.07%"
"25-11-2022","9,534.55","9,485.95","9,549.55","9,483.35","","0.77%"
"24-11-2022","9,461.30","9,441.25","9,471.70","9,438.85","","0.55%"
"23-11-2022","9,410.00","9,387.70","9,425.60","9,386.15","","0.58%"
"22-11-2022","9,355.35","9,380.50","9,390.45","9,343.35","","-0.09%"
"21-11-2022","9,363.65","9,365.85","9,397.30","9,339.60","","0.11%"
"18-11-2022","9,353.50","9,414.85","9,429.35","9,322.65","","-0.45%"
"17-11-2022","9,395.75","9,403.70","9,423.65","9,382.35","","-0.13%"
"16-11-2022","9,407.60","9,451.25","9,468.65","9,374.20","","-0.33%"
"15-11-2022","9,439.00","9,459.20","9,463.05","9,422.20","","0.06%"
"14-11-2022","9,433.70","9,415.65","9,446.10","9,369.05","","0.45%"
"11-11-2022","9,391.10","9,455.95","9,482.15","9,376.05","","0.34%"
"10-11-2022","9,359.50","9,454.40","9,481.95","9,318.75","","-1.23%"
"09-11-2022","9,475.85","9,544.70","9,545.00","9,456.10","","-0.39%"
"07-11-2022","9,512.80","9,491.40","9,523.75","9,465.45","","0.75%"
"04-11-2022","9,442.10","9,433.25","9,452.45","9,422.10","","0.46%"
"03-11-2022","9,398.75","9,356.55","9,422.50","9,349.90","","0.13%"
"02-11-2022","9,386.90","9,401.65","9,435.50","9,374.75","","0.02%"
"01-11-2022","9,385.30","9,398.80","9,419.60","9,360.60","","0.14%"
"31-10-2022","9,372.00","9,377.50","9,391.75","9,354.35","","0.37%"
"28-10-2022","9,337.00","9,413.95","9,427.85","9,325.60","","-0.61%"
"27-10-2022","9,394.45","9,401.90","9,417.50","9,363.80","","0.40%"
"25-10-2022","9,357.25","9,390.90","9,390.90","9,313.60","","-0.18%"
"24-10-2022","9,374.30","9,384.25","9,403.30","9,361.95","","0.94%"
"21-10-2022","9,287.35","9,358.30","9,383.00","9,266.30","","-0.43%"
"20-10-2022","9,327.00","9,286.45","9,335.80","9,262.55","","0.11%"
"19-10-2022","9,316.40","9,343.60","9,367.40","9,301.30","","0.03%"
"18-10-2022","9,313.65","9,287.70","9,323.75","9,282.35","","0.81%"
"17-10-2022","9,239.25","9,202.15","9,254.85","9,131.65","","0.26%"
"14-10-2022","9,215.70","9,335.75","9,361.25","9,200.20","","0.04%"
"13-10-2022","9,212.05","9,264.10","9,286.20","9,186.10","","-0.53%"
"12-10-2022","9,261.45","9,247.15","9,279.95","9,152.55","","0.44%"
"11-10-2022","9,221.15","9,392.95","9,415.80","9,200.75","","-1.54%"
"10-10-2022","9,365.75","9,340.50","9,394.05","9,305.10","","-0.55%"
"07-10-2022","9,417.40","9,389.55","9,424.15","9,354.30","","0.32%"
"06-10-2022","9,387.20","9,351.10","9,417.15","9,345.70","","1.10%"
"04-10-2022","9,285.30","9,298.30","9,319.60","9,250.50","","1.32%"
"03-10-2022","9,163.95","9,200.50","9,245.40","9,099.45","","-0.38%"
"30-09-2022","9,198.75","9,060.60","9,208.30","8,999.50","","1.53%"
"29-09-2022","9,060.15","9,108.25","9,153.55","9,010.10","","0.57%"
"28-09-2022","9,009.05","8,996.10","9,093.50","8,960.35","","-0.44%"
"27-09-2022","9,048.95","9,053.70","9,135.70","8,982.65","","0.53%"
"26-09-2022","9,001.00","9,231.55","9,234.90","8,927.55","","-3.34%"
"23-09-2022","9,312.45","9,523.25","9,545.85","9,296.05","","-1.98%"
"22-09-2022","9,500.40","9,429.75","9,523.90","9,415.55","","0.57%"
"21-09-2022","9,446.70","9,535.90","9,572.45","9,412.50","","-0.63%"
"20-09-2022","9,506.25","9,479.10","9,550.45","9,478.20","","1.15%"
"19-09-2022","9,398.30","9,491.70","9,530.35","9,357.75","","-0.73%"
"16-09-2022","9,467.85","9,692.70","9,705.00","9,411.65","","-2.29%"
"15-09-2022","9,690.05","9,753.60","9,787.20","9,667.20","","-0.02%"
"14-09-2022","9,692.10","9,553.25","9,710.90","9,541.50","","0.09%"
"13-09-2022","9,683.00","9,724.80","9,742.15","9,673.20","","0.11%"
"12-09-2022","9,672.35","9,644.15","9,686.30","9,638.20","","0.95%"
"09-09-2022","9,581.65","9,658.85","9,667.65","9,557.10","","-0.20%"
"08-09-2022","9,600.70","9,618.70","9,632.90","9,568.35","","0.70%"
"07-09-2022","9,533.55","9,428.85","9,541.05","9,416.45","","0.81%"
"06-09-2022","9,457.25","9,490.10","9,513.40","9,401.50","","0.32%"
"05-09-2022","9,427.45","9,374.30","9,434.65","9,369.40","","1.00%"
"02-09-2022","9,333.95","9,369.30","9,384.85","9,312.80","","0.22%"
"01-09-2022","9,313.85","9,254.00","9,341.55","9,244.20","","0.30%"
"30-08-2022","9,285.80","9,247.20","9,300.85","9,246.85","","1.24%"
"29-08-2022","9,172.20","8,980.25","9,187.30","8,979.45","","-0.59%"
"26-08-2022","9,227.05","9,217.75","9,253.00","9,200.85","","0.73%"
"25-08-2022","9,160.60","9,183.35","9,227.50","9,143.20","","0.34%"
"24-08-2022","9,129.90","9,072.10","9,136.70","9,071.65","","0.87%"
"23-08-2022","9,050.85","8,912.85","9,068.90","8,901.25","","1.01%"
"22-08-2022","8,960.30","9,027.85","9,027.85","8,946.50","","-0.90%"
"19-08-2022","9,041.75","9,164.15","9,184.55","9,024.50","","-1.07%"
"18-08-2022","9,139.55","9,131.10","9,167.75","9,116.00","","0.27%"
"17-08-2022","9,115.05","9,112.80","9,138.40","9,104.05","","0.48%"
"16-08-2022","9,071.45","9,039.30","9,080.95","9,028.55","","0.88%"
"12-08-2022","8,992.65","8,985.45","9,019.80","8,973.30","","0.22%"
"11-08-2022","8,973.05","8,988.10","8,994.80","8,957.15","","0.61%"
"10-08-2022","8,919.05","8,967.35","8,978.45","8,901.50","","-0.28%"
"08-08-2022","8,944.25","8,940.45","8,951.10","8,892.35","","0.25%"
"05-08-2022","8,922.20","8,962.20","8,990.60","8,912.00","","-0.09%"
"04-08-2022","8,930.45","9,001.40","9,035.55","8,816.05","","-0.27%"
"03-08-2022","8,954.55","9,011.80","9,029.65","8,895.90","","-0.40%"
"02-08-2022","8,990.15","8,933.60","9,006.65","8,910.55","","0.62%"
"01-08-2022","8,935.05","8,846.05","8,944.70","8,806.70","","1.64%"
"29-07-2022","8,790.55","8,726.25","8,802.95","8,721.05","","1.42%"
"28-07-2022","8,667.50","8,656.55","8,676.90","8,633.15","","0.76%"
"27-07-2022","8,602.25","8,590.60","8,612.05","8,558.50","","-0.01%"
"26-07-2022","8,602.75","8,696.65","8,701.50","8,588.35","","-1.03%"
"25-07-2022","8,691.85","8,732.90","8,742.80","8,656.45","","-0.41%"
"22-07-2022","8,727.65","8,744.30","8,753.20","8,698.35","","0.28%"
"21-07-2022","8,703.65","8,662.45","8,710.45","8,636.45","","0.79%"
"20-07-2022","8,635.05","8,661.90","8,692.70","8,619.55","","0.60%"
"19-07-2022","8,583.30","8,506.90","8,590.80","8,495.30","","0.84%"
"18-07-2022","8,511.70","8,453.30","8,520.90","8,451.55","","1.46%"
"15-07-2022","8,389.35","8,369.55","8,395.15","8,317.75","","0.48%"
"14-07-2022","8,349.60","8,425.20","8,434.50","8,313.25","","-0.72%"
"13-07-2022","8,410.35","8,438.65","8,461.65","8,396.35","","0.21%"
"12-07-2022","8,392.40","8,410.00","8,452.85","8,381.00","","-0.37%"
"11-07-2022","8,423.30","8,328.15","8,427.70","8,315.60","","1.04%"
"08-07-2022","8,336.80","8,372.20","8,382.25","8,321.90","","0.23%"
"07-07-2022","8,317.45","8,277.65","8,325.00","8,258.50","","1.31%"
"06-07-2022","8,210.10","8,184.75","8,216.05","8,102.50","","0.53%"
"05-07-2022","8,166.80","8,184.50","8,255.05","8,155.05","","0.26%"
"04-07-2022","8,145.70","8,127.55","8,166.10","8,113.65","","0.50%"
"01-07-2022","8,105.50","8,080.40","8,115.15","7,998.15","","0.21%"
"30-06-2022","8,088.60","8,131.45","8,182.50","8,073.20","","-0.32%"
"29-06-2022","8,114.60","8,085.30","8,157.90","8,072.65","","-0.55%"
"28-06-2022","8,159.20","8,148.50","8,165.80","8,090.20","","-0.08%"
"27-06-2022","8,165.60","8,142.00","8,181.15","8,119.35","","1.60%"
"24-06-2022","8,036.80","7,964.50","8,047.85","7,963.60","","1.73%"
"23-06-2022","7,899.90","7,833.95","7,915.30","7,811.40","","1.14%"
"22-06-2022","7,810.90","7,876.15","7,881.10","7,794.95","","-1.05%"
"21-06-2022","7,893.40","7,720.65","7,911.00","7,720.30","","3.08%"
"20-06-2022","7,657.25","7,910.20","7,928.70","7,598.05","","-3.11%"
"17-06-2022","7,902.75","7,928.75","7,977.85","7,813.20","","-0.79%"
"16-06-2022","7,965.90","8,309.50","8,332.70","7,953.65","","-3.07%"
"15-06-2022","8,217.80","8,218.30","8,253.40","8,199.90","","0.56%"
"14-06-2022","8,172.05","8,152.45","8,283.85","8,151.90","","-0.41%"
"13-06-2022","8,205.65","8,351.05","8,353.80","8,195.00","","-3.54%"
"10-06-2022","8,506.90","8,508.55","8,544.95","8,493.95","","-0.88%"
"09-06-2022","8,582.15","8,541.70","8,589.85","8,521.05","","0.05%"
"08-06-2022","8,577.60","8,626.10","8,659.35","8,538.20","","-0.17%"
"07-06-2022","8,592.50","8,609.10","8,636.75","8,553.10","","-0.56%"
"06-06-2022","8,640.90","8,688.05","8,695.90","8,553.35","","-0.64%"
"03-06-2022","8,696.35","8,855.20","8,874.30","8,683.05","","-0.87%"
"02-06-2022","8,772.90","8,729.40","8,781.55","8,713.80","","0.48%"
"01-06-2022","8,730.65","8,714.30","8,778.60","8,671.90","","0.66%"
"31-05-2022","8,673.10","8,596.70","8,705.60","8,565.25","","1.02%"
"30-05-2022","8,585.50","8,503.35","8,592.75","8,483.70","","2.24%"
"27-05-2022","8,397.35","8,399.90","8,439.65","8,344.35","","1.03%"
"26-05-2022","8,311.80","8,267.85","8,323.55","8,065.95","","0.95%"
"25-05-2022","8,233.70","8,523.20","8,541.50","8,227.10","","-3.00%"
"24-05-2022","8,488.60","8,627.95","8,646.25","8,473.05","","-1.23%"
"23-05-2022","8,594.10","8,697.65","8,711.60","8,581.60","","-0.70%"
"20-05-2022","8,654.55","8,598.80","8,666.15","8,574.60","","2.14%"
"19-05-2022","8,473.60","8,457.95","8,547.60","8,416.30","","-2.23%"
"18-05-2022","8,667.20","8,693.30","8,758.70","8,623.40","","0.34%"
"17-05-2022","8,638.10","8,470.70","8,649.35","8,435.40","","2.87%"
"16-05-2022","8,396.80","8,356.75","8,416.10","8,250.30","","1.33%"
"13-05-2022","8,286.20","8,329.10","8,428.20","8,266.90","","1.02%"
"12-05-2022","8,202.15","8,255.90","8,262.50","8,128.30","","-1.66%"
"11-05-2022","8,340.65","8,603.95","8,639.85","8,188.30","","-2.67%"
"10-05-2022","8,569.10","8,732.90","8,858.30","8,546.90","","-2.06%"
"09-05-2022","8,748.95","8,858.30","8,868.75","8,700.30","","-1.91%"
"06-05-2022","8,919.45","8,957.90","8,966.60","8,852.40","","-2.27%"
"05-05-2022","9,126.70","9,287.70","9,302.35","9,114.55","","-0.62%"
"04-05-2022","9,183.40","9,442.40","9,477.85","9,150.55","","-2.28%"
"02-05-2022","9,397.75","9,413.15","9,436.50","9,337.05","","-1.01%"
"29-04-2022","9,493.30","9,645.65","9,667.40","9,471.55","","-1.05%"
"28-04-2022","9,593.75","9,643.05","9,658.95","9,514.95","","0.26%"
"27-04-2022","9,568.55","9,559.85","9,600.10","9,477.35","","-0.57%"
"26-04-2022","9,623.75","9,623.75","9,660.85","9,583.95","","1.03%"
"25-04-2022","9,526.05","9,649.45","9,653.10","9,511.40","","-2.00%"
"22-04-2022","9,720.30","9,710.10","9,810.40","9,691.85","","-0.25%"
"21-04-2022","9,744.85","9,709.95","9,765.35","9,709.40","","1.27%"
"20-04-2022","9,622.75","9,678.50","9,755.85","9,608.20","","0.02%"
"19-04-2022","9,620.70","9,834.90","9,883.85","9,533.65","","-1.54%"
"18-04-2022","9,770.80","9,812.60","9,812.60","9,712.40","","-0.88%"
"13-04-2022","9,857.95","9,901.75","9,934.75","9,849.25","","0.33%"
"12-04-2022","9,825.20","9,972.50","9,972.50","9,747.15","","-1.42%"
"11-04-2022","9,966.55","9,972.75","10,017.25","9,952.00","","0.32%"
"08-04-2022","9,934.75","9,927.25","9,966.95","9,891.30","","0.77%"
"07-04-2022","9,859.20","9,937.85","9,995.85","9,831.05","","-0.43%"
"06-04-2022","9,902.00","9,849.20","9,945.45","9,825.00","","0.43%"
"05-04-2022","9,860.05","9,836.20","9,905.15","9,806.25","","0.95%"
"04-04-2022","9,766.85","9,689.00","9,772.40","9,686.95","","1.52%"
"01-04-2022","9,620.15","9,468.75","9,626.40","9,462.00","","1.89%"
"31-03-2022","9,441.45","9,439.20","9,485.95","9,424.85","","0.48%"
"30-03-2022","9,396.50","9,391.40","9,439.75","9,377.60","","0.91%"
"29-03-2022","9,312.05","9,304.10","9,335.05","9,277.70","","0.60%"
"28-03-2022","9,256.45","9,362.20","9,371.60","9,212.95","","-0.59%"
"25-03-2022","9,311.10","9,408.75","9,425.40","9,299.60","","-0.39%"
"24-03-2022","9,347.70","9,306.55","9,365.55","9,298.15","","0.34%"
"23-03-2022","9,316.45","9,401.75","9,426.20","9,300.65","","-0.15%"
"22-03-2022","9,330.35","9,339.75","9,344.00","9,265.35","","0.31%"
"21-03-2022","9,301.50","9,340.80","9,372.55","9,283.40","","0.26%"
"17-03-2022","9,276.95","9,282.80","9,300.40","9,262.00","","1.18%"
"16-03-2022","9,168.55","9,182.30","9,206.85","9,139.25","","1.11%"
"15-03-2022","9,067.95","9,197.45","9,220.30","9,034.95","","-0.83%"
"14-03-2022","9,143.55","9,142.25","9,165.65","9,062.00","","0.41%"
"11-03-2022","9,105.90","9,033.95","9,142.65","9,005.00","","0.89%"
"10-03-2022","9,025.40","9,104.75","9,121.05","8,982.00","","1.41%"
"09-03-2022","8,899.85","8,812.40","8,921.05","8,786.30","","2.10%"
"08-03-2022","8,717.05","8,621.45","8,745.15","8,566.10","","1.37%"
"07-03-2022","8,599.35","8,634.15","8,651.35","8,526.30","","-2.33%"
"04-03-2022","8,804.10","8,892.25","8,921.50","8,785.25","","-1.58%"
"03-03-2022","8,945.30","9,026.05","9,078.05","8,929.30","","0.38%"
"02-03-2022","8,911.10","8,823.95","8,964.75","8,811.55","","0.26%"
"28-02-2022","8,887.65","8,744.00","8,898.75","8,620.25","","0.82%"
"25-02-2022","8,815.20","8,645.25","8,839.10","8,643.85","","4.26%"
"24-02-2022","8,454.95","8,659.45","8,747.85","8,428.30","","-5.88%"
"23-02-2022","8,982.90","8,961.55","9,066.40","8,960.10","","1.19%"
"22-02-2022","8,877.55","8,784.40","8,917.00","8,773.40","","-1.94%"
"21-02-2022","9,052.95","9,234.30","9,244.40","9,037.90","","-2.59%"
"18-02-2022","9,293.55","9,336.55","9,390.50","9,279.20","","-0.82%"
"17-02-2022","9,370.30","9,490.00","9,507.50","9,358.40","","-0.75%"
"16-02-2022","9,440.80","9,470.40","9,523.35","9,417.35","","0.76%"
"15-02-2022","9,370.05","9,211.35","9,384.80","9,057.55","","1.99%"
"14-02-2022","9,187.60","9,361.40","9,412.65","9,166.30","","-4.26%"
"11-02-2022","9,596.15","9,702.35","9,739.20","9,582.70","","-1.89%"
"10-02-2022","9,781.05","9,799.00","9,804.10","9,707.10","","0.15%"
"09-02-2022","9,766.05","9,796.40","9,823.80","9,718.15","","0.34%"
"08-02-2022","9,732.90","9,920.75","9,957.25","9,648.55","","-1.51%"
"07-02-2022","9,882.30","10,026.15","10,044.65","9,862.60","","-1.09%"
"04-02-2022","9,991.30","10,073.05","10,094.80","9,978.05","","-0.59%"
"03-02-2022","10,050.15","10,096.05","10,104.70","10,033.85","","-0.01%"
"02-02-2022","10,051.30","9,967.25","10,062.60","9,966.05","","1.67%"
"01-02-2022","9,886.60","9,900.70","9,922.35","9,753.45","","0.75%"
"31-01-2022","9,813.10","9,838.65","9,879.00","9,769.80","","0.96%"
"28-01-2022","9,719.70","9,752.90","9,878.25","9,708.30","","0.53%"
"27-01-2022","9,668.55","9,632.15","9,735.90","9,577.75","","-0.46%"
"25-01-2022","9,713.45","9,505.65","9,756.80","9,332.80","","1.06%"
"24-01-2022","9,611.50","10,058.00","10,071.00","9,522.10","","-4.62%"
"21-01-2022","10,076.85","10,217.75","10,266.60","10,007.35","","-1.87%"
"20-01-2022","10,269.25","10,283.40","10,358.10","10,241.45","","-0.12%"
"19-01-2022","10,281.15","10,240.05","10,290.75","10,142.85","","0.23%"
"18-01-2022","10,257.80","10,513.75","10,524.55","10,234.45","","-2.04%"
"17-01-2022","10,471.85","10,465.05","10,499.65","10,428.20","","0.46%"
"14-01-2022","10,424.00","10,348.85","10,436.30","10,311.05","","0.69%"
"13-01-2022","10,352.60","10,327.05","10,364.60","10,265.50","","0.59%"
"12-01-2022","10,292.35","10,298.80","10,325.60","10,250.50","","0.62%"
"11-01-2022","10,228.80","10,255.50","10,295.95","10,199.65","","0.10%"
"10-01-2022","10,218.30","10,155.70","10,228.90","10,148.75","","1.41%"
"07-01-2022","10,076.60","10,079.40","10,137.90","10,013.40","","0.42%"
"06-01-2022","10,034.95","9,964.50","10,045.60","9,919.25","","0.11%"
"05-01-2022","10,024.30","10,020.10","10,048.25","9,960.75","","0.06%"
"04-01-2022","10,018.45","10,033.15","10,048.85","9,947.65","","0.52%"
"03-01-2022","9,966.35","9,894.50","9,982.30","9,893.55","","1.28%"
"31-12-2021","9,840.00","9,768.55","9,852.10","9,768.55","","1.17%"
"30-12-2021","9,726.60","9,723.55","9,761.50","9,700.50","","0.15%"
"29-12-2021","9,712.35","9,678.40","9,737.15","9,657.55","","0.71%"
"28-12-2021","9,643.80","9,583.55","9,663.10","9,583.40","","1.49%"
"27-12-2021","9,502.55","9,463.15","9,516.00","9,361.05","","0.38%"
"24-12-2021","9,466.40","9,573.30","9,579.80","9,433.50","","-0.65%"
"23-12-2021","9,528.15","9,517.70","9,556.95","9,500.90","","0.79%"
"22-12-2021","9,453.55","9,363.60","9,462.95","9,360.20","","1.65%"
"21-12-2021","9,299.65","9,256.00","9,386.45","9,255.75","","1.25%"
"20-12-2021","9,185.10","9,399.50","9,408.60","9,089.85","","-3.47%"
"17-12-2021","9,515.75","9,752.80","9,759.10","9,500.05","","-2.28%"
"16-12-2021","9,737.80","9,908.65","9,932.90","9,709.30","","-0.97%"
"15-12-2021","9,833.55","9,901.25","9,937.80","9,810.70","","-0.35%"
"14-12-2021","9,867.70","9,816.30","9,879.80","9,772.70","","0.30%"
"13-12-2021","9,837.90","9,916.10","9,945.20","9,821.85","","0.02%"
"10-12-2021","9,835.90","9,774.80","9,852.70","9,766.05","","0.91%"
"09-12-2021","9,747.35","9,715.85","9,770.05","9,657.55","","0.92%"
"08-12-2021","9,658.85","9,597.00","9,677.70","9,594.65","","1.49%"
"07-12-2021","9,516.95","9,492.10","9,536.50","9,468.75","","1.24%"
"06-12-2021","9,400.75","9,557.70","9,570.40","9,382.20","","-1.25%"
"03-12-2021","9,519.30","9,509.40","9,589.15","9,506.95","","0.56%"
"02-12-2021","9,465.85","9,395.50","9,480.80","9,350.75","","1.09%"
"01-12-2021","9,363.95","9,405.80","9,446.80","9,294.65","","0.30%"
"30-11-2021","9,336.20","9,168.55","9,396.85","9,167.95","","1.99%"
"29-11-2021","9,154.20","9,291.20","9,320.25","8,953.65","","-2.52%"
"26-11-2021","9,390.65","9,582.30","9,638.15","9,373.30","","-2.89%"
"25-11-2021","9,670.20","9,617.60","9,677.95","9,563.40","","0.86%"
"24-11-2021","9,588.15","9,624.05","9,677.40","9,561.00","","0.49%"
"23-11-2021","9,541.85","9,326.25","9,551.15","9,273.35","","1.91%"
"22-11-2021","9,362.65","9,654.25","9,663.00","9,258.50","","-2.68%"
"18-11-2021","9,620.55","9,815.15","9,837.20","9,581.60","","-1.59%"
"17-11-2021","9,776.35","9,798.30","9,852.70","9,762.20","","-0.08%"
"16-11-2021","9,784.40","9,788.35","9,841.75","9,761.90","","0.29%"
"15-11-2021","9,756.25","9,826.90","9,831.20","9,733.60","","-0.23%"
"12-11-2021","9,778.60","9,791.40","9,804.10","9,718.80","","0.34%"
"11-11-2021","9,745.55","9,806.20","9,832.40","9,727.45","","-0.51%"
"10-11-2021","9,795.95","9,799.10","9,865.60","9,767.90","","-0.04%"
"09-11-2021","9,800.35","9,793.20","9,838.80","9,779.20","","0.41%"
"08-11-2021","9,760.35","9,742.40","9,772.45","9,636.55","","0.79%"
"04-11-2021","9,683.85","9,640.50","9,691.25","9,638.05","","1.34%"
"03-11-2021","9,556.20","9,628.30","9,635.20","9,524.75","","-0.33%"
"02-11-2021","9,588.30","9,522.15","9,598.65","9,521.70","","1.20%"
"01-11-2021","9,474.95","9,433.50","9,491.70","9,414.65","","1.05%"
"29-10-2021","9,376.85","9,383.10","9,432.35","9,217.95","","-0.33%"
"28-10-2021","9,408.25","9,582.90","9,582.90","9,389.00","","-1.57%"
"27-10-2021","9,558.30","9,576.75","9,605.80","9,519.00","","0.52%"
"26-10-2021","9,508.50","9,316.30","9,529.95","9,315.75","","2.42%"
"25-10-2021","9,284.00","9,511.85","9,535.05","9,176.95","","-1.83%"
"22-10-2021","9,456.90","9,637.60","9,670.25","9,394.40","","-1.09%"
"21-10-2021","9,560.90","9,677.45","9,708.95","9,506.75","","-0.69%"
"20-10-2021","9,627.35","9,828.45","9,833.70","9,553.45","","-2.05%"
"19-10-2021","9,828.90","10,104.25","10,129.10","9,789.70","","-1.84%"
"18-10-2021","10,013.65","10,035.80","10,060.50","10,003.40","","0.83%"
"14-10-2021","9,931.15","9,957.60","9,962.50","9,911.40","","0.53%"
"13-10-2021","9,878.55","9,911.50","9,931.15","9,864.70","","0.28%"
"12-10-2021","9,851.35","9,815.85","9,857.70","9,784.65","","0.63%"
"11-10-2021","9,789.30","9,756.55","9,818.50","9,743.10","","1.08%"
"08-10-2021","9,684.95","9,673.70","9,694.55","9,633.40","","0.80%"
"07-10-2021","9,607.80","9,584.65","9,623.50","9,584.65","","1.18%"
"06-10-2021","9,496.10","9,631.65","9,652.30","9,479.80","","-0.86%"
"05-10-2021","9,578.15","9,547.00","9,595.95","9,534.00","","0.55%"
"04-10-2021","9,525.80","9,464.75","9,535.05","9,462.10","","1.43%"
"01-10-2021","9,391.60","9,343.10","9,400.60","9,326.60","","0.29%"
"30-09-2021","9,364.50","9,348.30","9,387.35","9,341.75","","0.68%"
"29-09-2021","9,301.25","9,233.25","9,324.95","9,200.50","","0.27%"
"28-09-2021","9,276.30","9,361.70","9,369.25","9,215.95","","-0.47%"
"27-09-2021","9,320.20","9,379.85","9,393.35","9,298.00","","0.16%"
"24-09-2021","9,305.10","9,377.00","9,386.35","9,263.75","","-0.07%"
"23-09-2021","9,311.30","9,306.10","9,348.20","9,299.90","","0.86%"
"22-09-2021","9,232.30","9,171.75","9,259.10","9,159.75","","1.27%"
"21-09-2021","9,116.75","9,110.40","9,142.40","8,956.50","","0.04%"
"20-09-2021","9,113.15","9,230.90","9,310.10","9,102.55","","-1.94%"
"17-09-2021","9,293.30","9,413.40","9,424.10","9,192.05","","-0.71%"
"16-09-2021","9,360.05","9,398.90","9,430.90","9,341.00","","-0.03%"
"15-09-2021","9,362.45","9,338.70","9,372.80","9,317.80","","0.68%"
"14-09-2021","9,299.40","9,323.55","9,331.95","9,274.55","","0.50%"
"13-09-2021","9,252.85","9,218.10","9,258.45","9,183.00","","0.74%"
"09-09-2021","9,184.55","9,130.50","9,193.05","9,123.80","","0.78%"
"08-09-2021","9,113.25","9,090.95","9,133.80","9,060.65","","0.62%"
"07-09-2021","9,057.00","9,121.65","9,129.45","8,999.05","","-0.24%"
"06-09-2021","9,079.00","9,058.90","9,091.90","9,049.45","","0.80%"
"03-09-2021","9,006.75","9,000.05","9,025.75","8,982.55","","0.54%"
"02-09-2021","8,958.15","8,898.80","8,967.35","8,897.75","","0.96%"
"01-09-2021","8,872.75","8,893.25","8,905.90","8,812.35","","0.20%"
"31-08-2021","8,854.85","8,832.85","8,864.20","8,807.60","","0.69%"
"30-08-2021","8,794.55","8,733.70","8,811.85","8,730.20","","1.39%"
"27-08-2021","8,673.80","8,623.60","8,679.05","8,587.50","","0.78%"
"26-08-2021","8,606.75","8,611.35","8,635.95","8,586.85","","0.22%"
"25-08-2021","8,587.70","8,578.50","8,613.20","8,561.90","","0.76%"
"24-08-2021","8,522.70","8,359.70","8,533.50","8,345.80","","2.07%"
"23-08-2021","8,350.15","8,586.30","8,619.95","8,283.00","","-1.98%"
"20-08-2021","8,518.70","8,630.10","8,681.65","8,498.10","","-2.37%"
"18-08-2021","8,725.35","8,791.80","8,804.60","8,699.35","","-0.42%"
"17-08-2021","8,761.75","8,798.00","8,810.45","8,723.10","","-0.28%"
"16-08-2021","8,786.10","8,873.80","8,879.40","8,774.85","","-0.86%"
"13-08-2021","8,862.50","8,908.85","8,918.70","8,849.35","","-0.07%"
"12-08-2021","8,868.65","8,710.05","8,879.35","8,710.05","","2.28%"
"11-08-2021","8,671.25","8,728.65","8,753.95","8,427.05","","-0.54%"
"10-08-2021","8,718.00","8,960.95","8,977.95","8,615.55","","-2.59%"
"09-08-2021","8,949.55","9,077.55","9,082.50","8,923.70","","-1.05%"
"06-08-2021","9,044.20","9,044.70","9,101.20","9,040.20","","0.13%"
"05-08-2021","9,032.05","9,117.80","9,120.65","8,939.10","","-0.54%"
"04-08-2021","9,081.30","9,240.00","9,256.35","9,066.40","","-1.11%"
"03-08-2021","9,183.55","9,251.50","9,262.90","9,173.50","","-0.25%"
"02-08-2021","9,206.20","9,207.25","9,234.35","9,186.60","","0.82%"
"30-07-2021","9,131.30","9,108.70","9,169.30","9,094.80","","0.49%"
"29-07-2021","9,087.20","9,043.85","9,100.30","9,020.55","","0.90%"
"28-07-2021","9,005.95","9,086.50","9,104.85","8,880.00","","-0.51%"
"27-07-2021","9,052.45","9,120.60","9,168.10","9,007.35","","-0.07%"
"26-07-2021","9,059.20","9,043.70","9,099.50","9,018.65","","0.37%"
"23-07-2021","9,026.25","9,094.10","9,111.60","9,015.00","","-0.22%"
"22-07-2021","9,046.45","9,004.90","9,054.20","9,001.95","","1.59%"
"20-07-2021","8,904.60","9,068.75","9,104.70","8,821.05","","-1.66%"
"19-07-2021","9,054.50","9,008.85","9,113.15","8,978.80","","-0.03%"
"16-07-2021","9,057.05","9,028.35","9,064.35","9,005.70","","0.87%"
"15-07-2021","8,979.10","8,950.90","8,993.40","8,950.15","","0.70%"
"14-07-2021","8,917.10","8,928.00","8,951.15","8,908.05","","0.18%"
"13-07-2021","8,901.45","8,902.65","8,905.85","8,864.60","","0.85%"
"12-07-2021","8,826.85","8,833.70","8,862.75","8,797.70","","1.08%"
"09-07-2021","8,732.40","8,697.40","8,737.10","8,668.05","","0.55%"
"08-07-2021","8,684.75","8,715.60","8,767.60","8,634.45","","-0.05%"
"07-07-2021","8,688.85","8,654.45","8,696.30","8,619.80","","0.66%"
"06-07-2021","8,631.65","8,718.75","8,736.45","8,617.25","","-0.53%"
"05-07-2021","8,677.30","8,655.45","8,698.30","8,645.85","","1.13%"
"02-07-2021","8,580.75","8,560.00","8,596.75","8,546.70","","0.93%"
"01-07-2021","8,502.10","8,497.55","8,513.95","8,475.60","","0.59%"
"30-06-2021","8,452.25","8,446.35","8,475.70","8,442.50","","0.65%"